{"cameraMode":{"drawMode":0,"name":"Shaded","section":"Shading Mode"},"sceneLighting":true,"audioPlay":false,"sceneViewState":{"m_AlwaysRefresh":false,"showFog":true,"showSkybox":true,"showFlares":true,"showImageEffects":true,"showParticleSystems":true,"showVisualEffectGraphs":true,"m_FxEnabled":true},"in2DMode":false,"pivot":{"x":31.563356399536134,"y":-27.285724639892579,"z":8.935141563415528},"rotation":{"x":0.2807858884334564,"y":0.5790315866470337,"z":-0.22244881093502046,"w":0.7325877547264099},"size":23.382688522338868,"orthographic":false}